"state_event","datetime_event_began","datetime_restoration","event_type","fips","state","county","start_time","duration","end_time","min_customers","max_customers","mean_customers","event_category"
"Utah",2017-04-17 09:25:00,2017-04-17 09:26:00,"Sabotage",49011,"Utah","Davis",2017-04-17 16:45:00,0.5,2017-04-17 17:15:00,1748,1748,1748,"Potential or Actual Physical Interference"
"Utah",2017-04-17 09:25:00,2017-04-17 09:26:00,"Sabotage",49027,"Utah","Millard",2017-04-19 00:45:00,2.75,2017-04-19 03:30:00,254,254,254,"Potential or Actual Physical Interference"
"Utah",2017-10-19 16:01:00,2017-10-19 16:02:00,"Suspected Physical Attack",49035,"Utah","Salt Lake",2017-10-20 15:00:00,1,2017-10-20 16:00:00,224,3425,1056.5,"Potential or Actual Physical Interference"
"Utah",2017-10-19 16:01:00,2017-10-19 16:02:00,"Suspected Physical Attack",49035,"Utah","Salt Lake",2017-10-20 18:15:00,4,2017-10-20 22:15:00,290,1679,659.4375,"Potential or Actual Physical Interference"
"Utah",2017-10-19 16:01:00,2017-10-19 16:02:00,"Suspected Physical Attack",49035,"Utah","Salt Lake",2017-10-20 23:30:00,0.5,2017-10-21,214,222,218,"Potential or Actual Physical Interference"
"Utah",2017-10-19 16:01:00,2017-10-19 16:02:00,"Suspected Physical Attack",49035,"Utah","Salt Lake",2017-10-22 08:15:00,3.75,2017-10-22 12:00:00,212,213,212.2,"Potential or Actual Physical Interference"
"Utah",2017-10-19 16:01:00,2017-10-19 16:02:00,"Suspected Physical Attack",49043,"Utah","Summit",2017-10-20 18:45:00,0.5,2017-10-20 19:15:00,1922,1923,1922.5,"Potential or Actual Physical Interference"
"Utah",2017-10-19 16:01:00,2017-10-19 16:02:00,"Suspected Physical Attack",49043,"Utah","Summit",2017-10-20 19:30:00,0.5,2017-10-20 20:00:00,884,1722,1303,"Potential or Actual Physical Interference"
"Utah",2017-10-19 16:01:00,2017-10-19 16:02:00,"Suspected Physical Attack",49047,"Utah","Uintah",2017-10-19 20:15:00,1.5,2017-10-19 21:45:00,321,321,321,"Potential or Actual Physical Interference"
"Utah",2017-10-19 16:01:00,2017-10-19 16:02:00,"Suspected Physical Attack",49049,"Utah","Utah",2017-10-21 06:45:00,0.25,2017-10-21 07:00:00,240,240,240,"Potential or Actual Physical Interference"
"Utah",2017-10-19 16:01:00,2017-10-19 16:02:00,"Suspected Physical Attack",49057,"Utah","Weber",2017-10-20 15:15:00,1.25,2017-10-20 16:30:00,619,696,667,"Potential or Actual Physical Interference"
"Utah",2018-04-09 11:16:00,2018-04-09 11:16:00,"Transmission Interruption",49011,"Utah","Davis",2018-04-10 00:15:00,0.25,2018-04-10 00:30:00,2200,2200,2200,"Equipment Issue"
"Utah",2018-04-09 11:16:00,2018-04-09 11:16:00,"Transmission Interruption",49027,"Utah","Millard",2018-04-09 18:15:00,0.25,2018-04-09 18:30:00,208,208,208,"Equipment Issue"
"Utah",2018-04-09 11:16:00,2018-04-09 11:16:00,"Transmission Interruption",49035,"Utah","Salt Lake",2018-04-09 19:30:00,0.5,2018-04-09 20:00:00,15357,15378,15367.5,"Equipment Issue"
"Utah",2018-04-09 11:16:00,2018-04-09 11:16:00,"Transmission Interruption",49037,"Utah","San Juan",2018-04-10 21:45:00,0.25,2018-04-10 22:00:00,260,260,260,"Equipment Issue"
"Utah",2018-04-09 11:16:00,2018-04-09 11:16:00,"Transmission Interruption",49053,"Utah","Washington",2018-04-10 07:15:00,2.25,2018-04-10 09:30:00,898,898,898,"Equipment Issue"
"Utah",2018-04-09 11:16:00,2018-04-09 11:16:00,"Transmission Interruption",49057,"Utah","Weber",2018-04-11 16:00:00,1.75,2018-04-11 17:45:00,204,209,205.857142857143,"Equipment Issue"
"Utah",2018-10-10 17:00:00,2018-10-15 05:00:00,"Vandalism",49015,"Utah","Emery",2018-10-16 19:45:00,1.25,2018-10-16 21:00:00,1921,1923,1922.4,"Potential or Actual Physical Interference"
"Utah",2018-10-10 17:00:00,2018-10-15 05:00:00,"Vandalism",49035,"Utah","Salt Lake",2018-10-10 20:45:00,4.75,2018-10-11 01:30:00,346,411,372.894736842105,"Potential or Actual Physical Interference"
"Utah",2018-10-10 17:00:00,2018-10-15 05:00:00,"Vandalism",49035,"Utah","Salt Lake",2018-10-11 03:30:00,2.5,2018-10-11 06:00:00,244,342,302.8,"Potential or Actual Physical Interference"
"Utah",2018-10-10 17:00:00,2018-10-15 05:00:00,"Vandalism",49035,"Utah","Salt Lake",2018-10-11 07:15:00,8.25,2018-10-11 15:30:00,237,243,238.121212121212,"Potential or Actual Physical Interference"
"Utah",2018-10-10 17:00:00,2018-10-15 05:00:00,"Vandalism",49035,"Utah","Salt Lake",2018-10-11 16:15:00,1.75,2018-10-11 18:00:00,242,342,260.857142857143,"Potential or Actual Physical Interference"
"Utah",2018-10-10 17:00:00,2018-10-15 05:00:00,"Vandalism",49035,"Utah","Salt Lake",2018-10-11 20:30:00,1.5,2018-10-11 22:00:00,228,236,232.333333333333,"Potential or Actual Physical Interference"
"Utah",2018-10-10 17:00:00,2018-10-15 05:00:00,"Vandalism",49035,"Utah","Salt Lake",2018-10-12 18:45:00,1.25,2018-10-12 20:00:00,205,217,211.8,"Potential or Actual Physical Interference"
"Utah",2018-10-10 17:00:00,2018-10-15 05:00:00,"Vandalism",49035,"Utah","Salt Lake",2018-10-13 20:00:00,2.5,2018-10-13 22:30:00,3357,9882,6047.2,"Potential or Actual Physical Interference"
"Utah",2018-10-10 17:00:00,2018-10-15 05:00:00,"Vandalism",49035,"Utah","Salt Lake",2018-10-13 23:00:00,4.25,2018-10-14 03:15:00,220,1318,621.235294117647,"Potential or Actual Physical Interference"
"Utah",2018-10-10 17:00:00,2018-10-15 05:00:00,"Vandalism",49035,"Utah","Salt Lake",2018-10-16 16:30:00,5.75,2018-10-16 22:15:00,218,441,338.521739130435,"Potential or Actual Physical Interference"
"Utah",2018-10-10 17:00:00,2018-10-15 05:00:00,"Vandalism",49035,"Utah","Salt Lake",2018-10-17 01:00:00,0.75,2018-10-17 01:45:00,226,235,231.666666666667,"Potential or Actual Physical Interference"
"Utah",2018-10-10 17:00:00,2018-10-15 05:00:00,"Vandalism",49035,"Utah","Salt Lake",2018-10-17 16:00:00,5,2018-10-17 21:00:00,225,3402,455.45,"Potential or Actual Physical Interference"
"Utah",2018-10-10 17:00:00,2018-10-15 05:00:00,"Vandalism",49043,"Utah","Summit",2018-10-10 19:30:00,0.75,2018-10-10 20:15:00,201,287,238,"Potential or Actual Physical Interference"
"Utah",2018-10-10 17:00:00,2018-10-15 05:00:00,"Vandalism",49049,"Utah","Utah",2018-10-11 22:15:00,1.25,2018-10-11 23:30:00,2553,2553,2553,"Potential or Actual Physical Interference"
"Utah",2018-10-10 17:00:00,2018-10-15 05:00:00,"Vandalism",49057,"Utah","Weber",2018-10-16 07:15:00,1.25,2018-10-16 08:30:00,2026,2026,2026,"Potential or Actual Physical Interference"
"Utah",2018-10-10 17:00:00,2018-10-15 05:00:00,"Vandalism",49057,"Utah","Weber",2018-10-16 09:45:00,1.75,2018-10-16 11:30:00,207,208,207.142857142857,"Potential or Actual Physical Interference"
"Utah",2018-08-19 15:20:00,2018-08-19 15:21:00,"Vandalism",49003,"Utah","Box Elder",2018-08-21 13:45:00,0.25,2018-08-21 14:00:00,290,290,290,"Potential or Actual Physical Interference"
"Utah",2018-08-19 15:20:00,2018-08-19 15:21:00,"Vandalism",49011,"Utah","Davis",2018-08-20 23:00:00,1.75,2018-08-21 00:45:00,1035,1055,1044.14285714286,"Potential or Actual Physical Interference"
"Utah",2018-08-19 15:20:00,2018-08-19 15:21:00,"Vandalism",49027,"Utah","Millard",2018-08-20 21:00:00,2,2018-08-20 23:00:00,523,753,637.875,"Potential or Actual Physical Interference"
"Utah",2018-08-19 15:20:00,2018-08-19 15:21:00,"Vandalism",49035,"Utah","Salt Lake",2018-08-20 18:45:00,1.5,2018-08-20 20:15:00,286,427,342.166666666667,"Potential or Actual Physical Interference"
"Utah",2018-08-19 15:20:00,2018-08-19 15:21:00,"Vandalism",49035,"Utah","Salt Lake",2018-08-20 23:15:00,0.75,2018-08-21,290,305,299.333333333333,"Potential or Actual Physical Interference"
"Utah",2018-08-19 15:20:00,2018-08-19 15:21:00,"Vandalism",49035,"Utah","Salt Lake",2018-08-21 00:30:00,1,2018-08-21 01:30:00,295,309,304.75,"Potential or Actual Physical Interference"
"Utah",2018-08-19 15:20:00,2018-08-19 15:21:00,"Vandalism",49037,"Utah","San Juan",2018-08-21 21:15:00,3.75,2018-08-22 01:00:00,346,409,350.2,"Potential or Actual Physical Interference"
"Utah",2018-08-19 15:20:00,2018-08-19 15:21:00,"Vandalism",49039,"Utah","Sanpete",2018-08-21 13:45:00,2.75,2018-08-21 16:30:00,232,674,633.454545454545,"Potential or Actual Physical Interference"
"Utah",2018-08-19 15:20:00,2018-08-19 15:21:00,"Vandalism",49043,"Utah","Summit",2018-08-21 16:30:00,2.5,2018-08-21 19:00:00,737,742,740.9,"Potential or Actual Physical Interference"
"Utah",2018-08-19 15:20:00,2018-08-19 15:21:00,"Vandalism",49049,"Utah","Utah",2018-08-21 01:30:00,5.75,2018-08-21 07:15:00,278,1205,405.347826086957,"Potential or Actual Physical Interference"
"Utah",2018-08-19 15:20:00,2018-08-19 15:21:00,"Vandalism",49053,"Utah","Washington",2018-08-22 04:15:00,2.75,2018-08-22 07:00:00,391,391,391,"Potential or Actual Physical Interference"
"Utah",2018-08-19 15:20:00,2018-08-19 15:21:00,"Vandalism",49057,"Utah","Weber",2018-08-20 23:45:00,0.5,2018-08-21 00:15:00,250,250,250,"Potential or Actual Physical Interference"
"Utah",2018-04-09 12:16:00,2018-04-09 13:52:00,"Transmission Interruption",49011,"Utah","Davis",2018-04-10 00:15:00,0.25,2018-04-10 00:30:00,2200,2200,2200,"Equipment Issue"
"Utah",2018-04-09 12:16:00,2018-04-09 13:52:00,"Transmission Interruption",49027,"Utah","Millard",2018-04-09 18:15:00,0.25,2018-04-09 18:30:00,208,208,208,"Equipment Issue"
"Utah",2018-04-09 12:16:00,2018-04-09 13:52:00,"Transmission Interruption",49035,"Utah","Salt Lake",2018-04-09 19:30:00,0.5,2018-04-09 20:00:00,15357,15378,15367.5,"Equipment Issue"
"Utah",2018-04-09 12:16:00,2018-04-09 13:52:00,"Transmission Interruption",49037,"Utah","San Juan",2018-04-10 21:45:00,0.25,2018-04-10 22:00:00,260,260,260,"Equipment Issue"
"Utah",2018-04-09 12:16:00,2018-04-09 13:52:00,"Transmission Interruption",49053,"Utah","Washington",2018-04-10 07:15:00,2.25,2018-04-10 09:30:00,898,898,898,"Equipment Issue"
"Utah",2018-04-09 12:16:00,2018-04-09 13:52:00,"Transmission Interruption",49057,"Utah","Weber",2018-04-11 16:00:00,1.75,2018-04-11 17:45:00,204,209,205.857142857143,"Equipment Issue"
"Utah",2018-10-22 10:25:00,2018-10-22 10:31:00,"Vandalism",49017,"Utah","Garfield",2018-10-22 17:15:00,3.25,2018-10-22 20:30:00,643,685,664.846153846154,"Potential or Actual Physical Interference"
"Utah",2018-10-22 10:25:00,2018-10-22 10:31:00,"Vandalism",49035,"Utah","Salt Lake",2018-10-23 00:30:00,0.25,2018-10-23 00:45:00,1655,1655,1655,"Potential or Actual Physical Interference"
"Utah",2018-10-22 10:25:00,2018-10-22 10:31:00,"Vandalism",49035,"Utah","Salt Lake",2018-10-24 16:00:00,1,2018-10-24 17:00:00,215,221,216.5,"Potential or Actual Physical Interference"
"Utah",2018-10-22 10:25:00,2018-10-22 10:31:00,"Vandalism",49035,"Utah","Salt Lake",2018-10-24 17:15:00,1.75,2018-10-24 19:00:00,301,308,305.285714285714,"Potential or Actual Physical Interference"
"Utah",2018-10-22 10:25:00,2018-10-22 10:31:00,"Vandalism",49053,"Utah","Washington",2018-10-22 10:30:00,5,2018-10-22 15:30:00,394,557,414.4,"Potential or Actual Physical Interference"
"Utah",2018-10-22 10:25:00,2018-10-22 10:31:00,"Vandalism",49057,"Utah","Weber",2018-10-23 08:00:00,2,2018-10-23 10:00:00,348,1578,811,"Potential or Actual Physical Interference"
"Utah",2018-10-22 10:25:00,2018-10-22 10:31:00,"Vandalism",49057,"Utah","Weber",2018-10-23 12:30:00,1.25,2018-10-23 13:45:00,206,206,206,"Potential or Actual Physical Interference"
"Utah",2018-10-22 10:25:00,2018-10-22 10:31:00,"Vandalism",49057,"Utah","Weber",2018-10-23 16:15:00,2.75,2018-10-23 19:00:00,233,380,324.909090909091,"Potential or Actual Physical Interference"
"Utah",2018-10-22 10:25:00,2018-10-22 10:31:00,"Vandalism",49057,"Utah","Weber",2018-10-24 01:45:00,2.25,2018-10-24 04:00:00,267,269,267.888888888889,"Potential or Actual Physical Interference"
"Utah",2018-12-18 08:47:00,2018-12-18 08:48:00,"Vandalism",49033,"Utah","Rich",2018-12-19 13:30:00,0.5,2018-12-19 14:00:00,309,309,309,"Potential or Actual Physical Interference"
"Utah",2018-12-18 08:47:00,2018-12-18 08:48:00,"Vandalism",49035,"Utah","Salt Lake",2018-12-21 02:45:00,1,2018-12-21 03:45:00,200,2036,1574.75,"Potential or Actual Physical Interference"
"Utah",2018-12-18 08:47:00,2018-12-18 08:48:00,"Vandalism",49039,"Utah","Sanpete",2018-12-19 23:15:00,1.25,2018-12-20 00:30:00,2243,2243,2243,"Potential or Actual Physical Interference"
"Utah",2018-12-18 08:47:00,2018-12-18 08:48:00,"Vandalism",49053,"Utah","Washington",2018-12-20 07:45:00,1.75,2018-12-20 09:30:00,283,283,283,"Potential or Actual Physical Interference"
"Utah",2018-05-08 16:00:00,2018-05-08 16:01:00,"Actual Physical Attack",49003,"Utah","Box Elder",2018-05-11 11:30:00,4,2018-05-11 15:30:00,202,228,216.9375,"Potential or Actual Physical Interference"
"Utah",2018-05-08 16:00:00,2018-05-08 16:01:00,"Actual Physical Attack",49035,"Utah","Salt Lake",2018-05-08 16:00:00,1.5,2018-05-08 17:30:00,204,216,210.166666666667,"Potential or Actual Physical Interference"
"Utah",2018-05-08 16:00:00,2018-05-08 16:01:00,"Actual Physical Attack",49035,"Utah","Salt Lake",2018-05-08 18:15:00,0.5,2018-05-08 18:45:00,252,252,252,"Potential or Actual Physical Interference"
"Utah",2018-05-08 16:00:00,2018-05-08 16:01:00,"Actual Physical Attack",49035,"Utah","Salt Lake",2018-05-09 00:30:00,1.75,2018-05-09 02:15:00,218,314,287,"Potential or Actual Physical Interference"
"Utah",2018-05-08 16:00:00,2018-05-08 16:01:00,"Actual Physical Attack",49035,"Utah","Salt Lake",2018-05-09 15:15:00,2.75,2018-05-09 18:00:00,222,241,228.545454545455,"Potential or Actual Physical Interference"
"Utah",2018-05-08 16:00:00,2018-05-08 16:01:00,"Actual Physical Attack",49035,"Utah","Salt Lake",2018-05-09 18:30:00,2.75,2018-05-09 21:15:00,239,299,278.363636363636,"Potential or Actual Physical Interference"
"Utah",2018-05-08 16:00:00,2018-05-08 16:01:00,"Actual Physical Attack",49035,"Utah","Salt Lake",2018-05-09 22:45:00,1.75,2018-05-10 00:30:00,334,344,338.857142857143,"Potential or Actual Physical Interference"
"Utah",2018-05-08 16:00:00,2018-05-08 16:01:00,"Actual Physical Attack",49035,"Utah","Salt Lake",2018-05-10 14:00:00,2.75,2018-05-10 16:45:00,214,296,246.636363636364,"Potential or Actual Physical Interference"
"Utah",2018-05-08 16:00:00,2018-05-08 16:01:00,"Actual Physical Attack",49039,"Utah","Sanpete",2018-05-10 17:00:00,0.75,2018-05-10 17:45:00,293,293,293,"Potential or Actual Physical Interference"
"Utah",2018-05-08 16:00:00,2018-05-08 16:01:00,"Actual Physical Attack",49043,"Utah","Summit",2018-05-08 19:00:00,0.25,2018-05-08 19:15:00,860,860,860,"Potential or Actual Physical Interference"
"Utah",2018-05-08 16:00:00,2018-05-08 16:01:00,"Actual Physical Attack",49057,"Utah","Weber",2018-05-10 00:45:00,1.75,2018-05-10 02:30:00,641,772,678.714285714286,"Potential or Actual Physical Interference"
"Utah",2018-05-08 16:00:00,2018-05-08 16:01:00,"Actual Physical Attack",49057,"Utah","Weber",2018-05-11 02:00:00,0.75,2018-05-11 02:45:00,2369,2510,2416,"Potential or Actual Physical Interference"
"Utah",2018-12-07 03:10:00,2018-12-07 04:35:00,"Actual Physical Attack",49017,"Utah","Garfield",2018-12-07 19:45:00,0.75,2018-12-07 20:30:00,582,582,582,"Potential or Actual Physical Interference"
"Utah",2018-12-07 03:10:00,2018-12-07 04:35:00,"Actual Physical Attack",49035,"Utah","Salt Lake",2018-12-07 15:45:00,2,2018-12-07 17:45:00,268,644,361.25,"Potential or Actual Physical Interference"
"Utah",2018-12-07 03:10:00,2018-12-07 04:35:00,"Actual Physical Attack",49035,"Utah","Salt Lake",2018-12-09 20:30:00,0.25,2018-12-09 20:45:00,3692,3692,3692,"Potential or Actual Physical Interference"
"Utah",2019-02-14 12:15:00,2019-02-14 12:16:00,"Vandalism",49007,"Utah","Carbon",2019-02-15 07:45:00,1.5,2019-02-15 09:15:00,622,623,622.833333333333,"Potential or Actual Physical Interference"
"Utah",2019-02-14 12:15:00,2019-02-14 12:16:00,"Vandalism",49009,"Utah","Daggett",2019-02-15 15:00:00,0.75,2019-02-15 15:45:00,718,718,718,"Potential or Actual Physical Interference"
"Utah",2019-02-14 12:15:00,2019-02-14 12:16:00,"Vandalism",49009,"Utah","Daggett",2019-02-16 08:00:00,8.25,2019-02-16 16:15:00,313,355,327.939393939394,"Potential or Actual Physical Interference"
"Utah",2019-02-14 12:15:00,2019-02-14 12:16:00,"Vandalism",49013,"Utah","Duchesne",2019-02-16 08:00:00,8.25,2019-02-16 16:15:00,313,314,313.575757575758,"Potential or Actual Physical Interference"
"Utah",2019-02-14 12:15:00,2019-02-14 12:16:00,"Vandalism",49015,"Utah","Emery",2019-02-15 02:00:00,0.5,2019-02-15 02:30:00,309,310,309.5,"Potential or Actual Physical Interference"
"Utah",2019-02-14 12:15:00,2019-02-14 12:16:00,"Vandalism",49015,"Utah","Emery",2019-02-15 02:45:00,0.75,2019-02-15 03:30:00,245,247,246,"Potential or Actual Physical Interference"
"Utah",2019-02-14 12:15:00,2019-02-14 12:16:00,"Vandalism",49015,"Utah","Emery",2019-02-15 04:30:00,0.5,2019-02-15 05:00:00,306,306,306,"Potential or Actual Physical Interference"
"Utah",2019-02-14 12:15:00,2019-02-14 12:16:00,"Vandalism",49015,"Utah","Emery",2019-02-15 05:15:00,3.25,2019-02-15 08:30:00,306,307,306.076923076923,"Potential or Actual Physical Interference"
"Utah",2019-02-14 12:15:00,2019-02-14 12:16:00,"Vandalism",49015,"Utah","Emery",2019-02-15 11:45:00,2.5,2019-02-15 14:15:00,306,310,309.4,"Potential or Actual Physical Interference"
"Utah",2019-02-14 12:15:00,2019-02-14 12:16:00,"Vandalism",49019,"Utah","Grand",2019-02-15 02:00:00,0.5,2019-02-15 02:30:00,309,310,309.5,"Potential or Actual Physical Interference"
"Utah",2019-02-14 12:15:00,2019-02-14 12:16:00,"Vandalism",49019,"Utah","Grand",2019-02-15 02:45:00,0.75,2019-02-15 03:30:00,246,249,248,"Potential or Actual Physical Interference"
"Utah",2019-02-14 12:15:00,2019-02-14 12:16:00,"Vandalism",49033,"Utah","Rich",2019-02-16 08:00:00,8.25,2019-02-16 16:15:00,313,314,313.575757575758,"Potential or Actual Physical Interference"
"Utah",2019-02-14 12:15:00,2019-02-14 12:16:00,"Vandalism",49035,"Utah","Salt Lake",2019-02-15 01:30:00,3,2019-02-15 04:30:00,276,3155,1927.16666666667,"Potential or Actual Physical Interference"
"Utah",2019-02-14 12:15:00,2019-02-14 12:16:00,"Vandalism",49035,"Utah","Salt Lake",2019-02-16 00:30:00,2.25,2019-02-16 02:45:00,217,291,268.888888888889,"Potential or Actual Physical Interference"
"Utah",2019-02-14 12:15:00,2019-02-14 12:16:00,"Vandalism",49035,"Utah","Salt Lake",2019-02-16 03:15:00,3,2019-02-16 06:15:00,204,306,268.416666666667,"Potential or Actual Physical Interference"
"Utah",2019-02-14 12:15:00,2019-02-14 12:16:00,"Vandalism",49035,"Utah","Salt Lake",2019-02-16 17:30:00,1.5,2019-02-16 19:00:00,283,285,284.166666666667,"Potential or Actual Physical Interference"
"Utah",2019-02-14 12:15:00,2019-02-14 12:16:00,"Vandalism",49037,"Utah","San Juan",2019-02-15 02:00:00,0.5,2019-02-15 02:30:00,309,310,309.5,"Potential or Actual Physical Interference"
"Utah",2019-02-14 12:15:00,2019-02-14 12:16:00,"Vandalism",49037,"Utah","San Juan",2019-02-15 02:45:00,0.75,2019-02-15 03:30:00,246,514,336.333333333333,"Potential or Actual Physical Interference"
"Utah",2019-02-14 12:15:00,2019-02-14 12:16:00,"Vandalism",49039,"Utah","Sanpete",2019-02-15 11:45:00,2.5,2019-02-15 14:15:00,305,309,308.4,"Potential or Actual Physical Interference"
"Utah",2019-02-14 12:15:00,2019-02-14 12:16:00,"Vandalism",49043,"Utah","Summit",2019-02-16 08:00:00,8.25,2019-02-16 16:15:00,313,317,315.636363636364,"Potential or Actual Physical Interference"
"Utah",2019-02-14 12:15:00,2019-02-14 12:16:00,"Vandalism",49045,"Utah","Tooele",2019-02-15 01:30:00,0.25,2019-02-15 01:45:00,364,364,364,"Potential or Actual Physical Interference"
"Utah",2019-02-14 12:15:00,2019-02-14 12:16:00,"Vandalism",49045,"Utah","Tooele",2019-02-15 02:45:00,0.25,2019-02-15 03:00:00,399,399,399,"Potential or Actual Physical Interference"
"Utah",2019-02-14 12:15:00,2019-02-14 12:16:00,"Vandalism",49045,"Utah","Tooele",2019-02-15 08:15:00,2.75,2019-02-15 11:00:00,222,223,222.727272727273,"Potential or Actual Physical Interference"
"Utah",2019-02-14 12:15:00,2019-02-14 12:16:00,"Vandalism",49047,"Utah","Uintah",2019-02-15 15:00:00,0.75,2019-02-15 15:45:00,716,716,716,"Potential or Actual Physical Interference"
"Utah",2019-02-14 12:15:00,2019-02-14 12:16:00,"Vandalism",49049,"Utah","Utah",2019-02-15 01:30:00,0.25,2019-02-15 01:45:00,367,367,367,"Potential or Actual Physical Interference"
"Utah",2019-02-14 12:15:00,2019-02-14 12:16:00,"Vandalism",49049,"Utah","Utah",2019-02-15 02:30:00,0.5,2019-02-15 03:00:00,258,403,330.5,"Potential or Actual Physical Interference"
"Utah",2019-02-14 12:15:00,2019-02-14 12:16:00,"Vandalism",49049,"Utah","Utah",2019-02-17 03:15:00,0.25,2019-02-17 03:30:00,215,215,215,"Potential or Actual Physical Interference"
"Utah",2019-02-14 12:15:00,2019-02-14 12:16:00,"Vandalism",49055,"Utah","Wayne",2019-02-15 02:00:00,0.5,2019-02-15 02:30:00,309,310,309.5,"Potential or Actual Physical Interference"
"Utah",2019-02-14 12:15:00,2019-02-14 12:16:00,"Vandalism",49055,"Utah","Wayne",2019-02-15 02:45:00,0.75,2019-02-15 03:30:00,245,246,245.666666666667,"Potential or Actual Physical Interference"
"Utah",2019-06-11 07:52:00,2019-06-11 07:53:00,"Vandalism",49011,"Utah","Davis",2019-06-12 23:00:00,0.25,2019-06-12 23:15:00,233,233,233,"Potential or Actual Physical Interference"
"Utah",2019-06-11 07:52:00,2019-06-11 07:53:00,"Vandalism",49011,"Utah","Davis",2019-06-13 00:30:00,0.5,2019-06-13 01:00:00,201,206,203.5,"Potential or Actual Physical Interference"
"Utah",2019-06-11 07:52:00,2019-06-11 07:53:00,"Vandalism",49011,"Utah","Davis",2019-06-13 01:15:00,2.25,2019-06-13 03:30:00,389,479,424.222222222222,"Potential or Actual Physical Interference"
"Utah",2019-06-11 07:52:00,2019-06-11 07:53:00,"Vandalism",49011,"Utah","Davis",2019-06-13 04:00:00,0.25,2019-06-13 04:15:00,398,398,398,"Potential or Actual Physical Interference"
"Utah",2019-06-11 07:52:00,2019-06-11 07:53:00,"Vandalism",49011,"Utah","Davis",2019-06-14 02:00:00,1.25,2019-06-14 03:15:00,346,346,346,"Potential or Actual Physical Interference"
"Utah",2019-06-11 07:52:00,2019-06-11 07:53:00,"Vandalism",49029,"Utah","Morgan",2019-06-13 01:15:00,2.25,2019-06-13 03:30:00,339,357,349,"Potential or Actual Physical Interference"
"Utah",2019-06-11 07:52:00,2019-06-11 07:53:00,"Vandalism",49029,"Utah","Morgan",2019-06-13 04:00:00,0.25,2019-06-13 04:15:00,342,342,342,"Potential or Actual Physical Interference"
"Utah",2019-06-11 07:52:00,2019-06-11 07:53:00,"Vandalism",49035,"Utah","Salt Lake",2019-06-12 03:15:00,0.5,2019-06-12 03:45:00,236,614,425,"Potential or Actual Physical Interference"
"Utah",2019-06-11 07:52:00,2019-06-11 07:53:00,"Vandalism",49035,"Utah","Salt Lake",2019-06-12 23:00:00,0.75,2019-06-12 23:45:00,307,356,326,"Potential or Actual Physical Interference"
"Utah",2019-06-11 07:52:00,2019-06-11 07:53:00,"Vandalism",49035,"Utah","Salt Lake",2019-06-13 01:15:00,2.25,2019-06-13 03:30:00,369,430,393.111111111111,"Potential or Actual Physical Interference"
"Utah",2019-06-11 07:52:00,2019-06-11 07:53:00,"Vandalism",49035,"Utah","Salt Lake",2019-06-13 04:00:00,0.25,2019-06-13 04:15:00,367,367,367,"Potential or Actual Physical Interference"
"Utah",2019-06-11 07:52:00,2019-06-11 07:53:00,"Vandalism",49035,"Utah","Salt Lake",2019-06-13 05:15:00,6.75,2019-06-13 12:00:00,239,264,249.592592592593,"Potential or Actual Physical Interference"
"Utah",2019-06-11 07:52:00,2019-06-11 07:53:00,"Vandalism",49035,"Utah","Salt Lake",2019-06-14 01:00:00,2.75,2019-06-14 03:45:00,205,2683,1500.09090909091,"Potential or Actual Physical Interference"
"Utah",2019-06-11 07:52:00,2019-06-11 07:53:00,"Vandalism",49043,"Utah","Summit",2019-06-13 01:15:00,2.25,2019-06-13 03:30:00,339,341,339.888888888889,"Potential or Actual Physical Interference"
"Utah",2019-06-11 07:52:00,2019-06-11 07:53:00,"Vandalism",49043,"Utah","Summit",2019-06-13 04:00:00,0.25,2019-06-13 04:15:00,342,342,342,"Potential or Actual Physical Interference"
"Utah",2019-06-11 07:52:00,2019-06-11 07:53:00,"Vandalism",49045,"Utah","Tooele",2019-06-12 23:00:00,0.75,2019-06-12 23:45:00,301,338,313.333333333333,"Potential or Actual Physical Interference"
"Utah",2019-06-11 07:52:00,2019-06-11 07:53:00,"Vandalism",49045,"Utah","Tooele",2019-06-14 01:00:00,2.75,2019-06-14 03:45:00,233,832,628.181818181818,"Potential or Actual Physical Interference"
"Utah",2019-06-11 07:52:00,2019-06-11 07:53:00,"Vandalism",49049,"Utah","Utah",2019-06-12 23:00:00,0.75,2019-06-12 23:45:00,242,247,243.666666666667,"Potential or Actual Physical Interference"
"Utah",2019-06-11 07:52:00,2019-06-11 07:53:00,"Vandalism",49049,"Utah","Utah",2019-06-13 22:15:00,1,2019-06-13 23:15:00,308,2063,753.75,"Potential or Actual Physical Interference"
"Utah",2019-06-11 07:52:00,2019-06-11 07:53:00,"Vandalism",49049,"Utah","Utah",2019-06-14 01:00:00,1.75,2019-06-14 02:45:00,491,640,542.142857142857,"Potential or Actual Physical Interference"
"Utah",2019-06-11 07:52:00,2019-06-11 07:53:00,"Vandalism",49053,"Utah","Washington",2019-06-13 14:15:00,5.25,2019-06-13 19:30:00,208,209,208.190476190476,"Potential or Actual Physical Interference"
"Utah",2019-11-08 05:50:00,2019-11-08 06:10:00,"System Operations",49049,"Utah","Utah",2019-11-09 19:15:00,0.25,2019-11-09 19:30:00,407,407,407,"System Operations"
"Utah",2019-01-28 13:35:00,2019-01-28 13:40:00,"Actual Physical Attack",49003,"Utah","Box Elder",2019-01-29 19:15:00,2.5,2019-01-29 21:45:00,551,551,551,"Potential or Actual Physical Interference"
"Utah",2019-01-28 13:35:00,2019-01-28 13:40:00,"Actual Physical Attack",49035,"Utah","Salt Lake",2019-01-29 20:45:00,1,2019-01-29 21:45:00,208,222,212,"Potential or Actual Physical Interference"
"Utah",2019-01-28 13:35:00,2019-01-28 13:40:00,"Actual Physical Attack",49049,"Utah","Utah",2019-01-28 17:15:00,2,2019-01-28 19:15:00,203,217,210,"Potential or Actual Physical Interference"
"Utah",2019-01-28 13:35:00,2019-01-28 13:40:00,"Actual Physical Attack",49049,"Utah","Utah",2019-01-28 20:15:00,1,2019-01-28 21:15:00,200,202,201.25,"Potential or Actual Physical Interference"
"Utah",2019-01-28 13:35:00,2019-01-28 13:40:00,"Actual Physical Attack",49053,"Utah","Washington",2019-01-29 15:15:00,2.75,2019-01-29 18:00:00,728,1541,1097.27272727273,"Potential or Actual Physical Interference"
"Utah",2019-01-28 13:35:00,2019-01-28 13:40:00,"Actual Physical Attack",49053,"Utah","Washington",2019-01-29 18:15:00,5.75,2019-01-30,728,1541,763.521739130435,"Potential or Actual Physical Interference"
"Utah",2019-01-28 13:35:00,2019-01-28 13:40:00,"Actual Physical Attack",49057,"Utah","Weber",2019-01-29 19:15:00,2.5,2019-01-29 21:45:00,551,552,551.2,"Potential or Actual Physical Interference"
"Utah",2019-07-24 13:30:00,2019-07-24 13:31:00,"Vandalism",49013,"Utah","Duchesne",2019-07-24 19:45:00,0.25,2019-07-24 20:00:00,469,469,469,"Potential or Actual Physical Interference"
"Utah",2019-07-24 13:30:00,2019-07-24 13:31:00,"Vandalism",49035,"Utah","Salt Lake",2019-07-24 17:30:00,2,2019-07-24 19:30:00,201,208,204.375,"Potential or Actual Physical Interference"
"Utah",2019-07-24 13:30:00,2019-07-24 13:31:00,"Vandalism",49035,"Utah","Salt Lake",2019-07-27 00:45:00,3.25,2019-07-27 04:00:00,312,600,413.692307692308,"Potential or Actual Physical Interference"
"Utah",2019-07-24 13:30:00,2019-07-24 13:31:00,"Vandalism",49035,"Utah","Salt Lake",2019-07-27 05:15:00,1,2019-07-27 06:15:00,217,231,227.5,"Potential or Actual Physical Interference"
"Utah",2019-07-24 13:30:00,2019-07-24 13:31:00,"Vandalism",49039,"Utah","Sanpete",2019-07-27 00:15:00,1.75,2019-07-27 02:00:00,271,272,271.428571428571,"Potential or Actual Physical Interference"
"Utah",2019-07-24 13:30:00,2019-07-24 13:31:00,"Vandalism",49043,"Utah","Summit",2019-07-24 19:45:00,0.25,2019-07-24 20:00:00,518,518,518,"Potential or Actual Physical Interference"
"Utah",2019-07-24 13:30:00,2019-07-24 13:31:00,"Vandalism",49049,"Utah","Utah",2019-07-24 16:00:00,1.25,2019-07-24 17:15:00,229,277,248.4,"Potential or Actual Physical Interference"
"Utah",2019-07-24 13:30:00,2019-07-24 13:31:00,"Vandalism",49051,"Utah","Wasatch",2019-07-24 19:45:00,0.25,2019-07-24 20:00:00,507,507,507,"Potential or Actual Physical Interference"
"Utah",2019-03-05 09:12:00,2019-03-05 18:57:00,"System Operations",49003,"Utah","Box Elder",2019-03-06 16:15:00,0.25,2019-03-06 16:30:00,296,296,296,"System Operations"
"Utah",2019-03-05 09:12:00,2019-03-05 18:57:00,"System Operations",49011,"Utah","Davis",2019-03-07 06:45:00,1,2019-03-07 07:45:00,795,813,802.75,"System Operations"
"Utah",2019-03-05 09:12:00,2019-03-05 18:57:00,"System Operations",49035,"Utah","Salt Lake",2019-03-07 06:45:00,1,2019-03-07 07:45:00,832,850,839.75,"System Operations"
"Utah",2019-03-05 09:12:00,2019-03-05 18:57:00,"System Operations",49035,"Utah","Salt Lake",2019-03-07 23:30:00,0.5,2019-03-08,219,329,274,"System Operations"
"Utah",2019-03-05 09:12:00,2019-03-05 18:57:00,"System Operations",49041,"Utah","Sevier",2019-03-07 23:30:00,0.5,2019-03-08,815,815,815,"System Operations"
"Utah",2019-03-05 09:12:00,2019-03-05 18:57:00,"System Operations",49057,"Utah","Weber",2019-03-06 16:15:00,0.25,2019-03-06 16:30:00,698,698,698,"System Operations"
"Utah",2019-03-21 10:00:00,2019-03-21 10:05:00,"Vandalism",49011,"Utah","Davis",2019-03-23 03:00:00,0.25,2019-03-23 03:15:00,856,856,856,"Potential or Actual Physical Interference"
"Utah",2019-03-21 10:00:00,2019-03-21 10:05:00,"Vandalism",49031,"Utah","Piute",2019-03-21 15:45:00,0.25,2019-03-21 16:00:00,688,688,688,"Potential or Actual Physical Interference"
"Utah",2019-03-21 10:00:00,2019-03-21 10:05:00,"Vandalism",49037,"Utah","San Juan",2019-03-24 05:45:00,0.75,2019-03-24 06:30:00,256,256,256,"Potential or Actual Physical Interference"
"Utah",2019-03-21 10:00:00,2019-03-21 10:05:00,"Vandalism",49039,"Utah","Sanpete",2019-03-21 14:45:00,0.75,2019-03-21 15:30:00,324,324,324,"Potential or Actual Physical Interference"
"Utah",2019-03-21 10:00:00,2019-03-21 10:05:00,"Vandalism",49041,"Utah","Sevier",2019-03-21 15:45:00,0.25,2019-03-21 16:00:00,216,216,216,"Potential or Actual Physical Interference"
"Utah",2019-03-21 10:00:00,2019-03-21 10:05:00,"Vandalism",49049,"Utah","Utah",2019-03-21 16:15:00,6.5,2019-03-21 22:45:00,444,2228,1211.96153846154,"Potential or Actual Physical Interference"
"Utah",2019-03-21 10:00:00,2019-03-21 10:05:00,"Vandalism",49049,"Utah","Utah",2019-03-22 14:15:00,2.75,2019-03-22 17:00:00,1099,3024,1626.81818181818,"Potential or Actual Physical Interference"
"Utah",2019-03-21 10:00:00,2019-03-21 10:05:00,"Vandalism",49057,"Utah","Weber",2019-03-22 16:00:00,0.75,2019-03-22 16:45:00,265,266,265.333333333333,"Potential or Actual Physical Interference"
"Utah",2019-03-21 10:00:00,2019-03-21 10:05:00,"Vandalism",49057,"Utah","Weber",2019-03-23 03:00:00,0.25,2019-03-23 03:15:00,688,688,688,"Potential or Actual Physical Interference"
"Utah",2019-04-02 10:15:00,2019-04-02 10:16:00,"Vandalism",49003,"Utah","Box Elder",2019-04-02 16:30:00,0.25,2019-04-02 16:45:00,228,228,228,"Potential or Actual Physical Interference"
"Utah",2019-04-02 10:15:00,2019-04-02 10:16:00,"Vandalism",49035,"Utah","Salt Lake",2019-04-04 02:30:00,1.25,2019-04-04 03:45:00,205,304,267.2,"Potential or Actual Physical Interference"
"Utah",2019-04-02 10:15:00,2019-04-02 10:16:00,"Vandalism",49035,"Utah","Salt Lake",2019-04-04 09:45:00,8.25,2019-04-04 18:00:00,254,7353,2812.9696969697,"Potential or Actual Physical Interference"
"Utah",2019-04-21 10:40:00,2019-04-21 10:45:00,"Vandalism",49001,"Utah","Beaver",2019-04-21 22:15:00,0.75,2019-04-21 23:00:00,560,560,560,"Potential or Actual Physical Interference"
"Utah",2019-04-21 10:40:00,2019-04-21 10:45:00,"Vandalism",49011,"Utah","Davis",2019-04-21 12:00:00,3.25,2019-04-21 15:15:00,1522,2955,2090.69230769231,"Potential or Actual Physical Interference"
"Utah",2019-04-21 10:40:00,2019-04-21 10:45:00,"Vandalism",49011,"Utah","Davis",2019-04-22 23:45:00,2.75,2019-04-23 02:30:00,277,320,304.454545454545,"Potential or Actual Physical Interference"
"Utah",2019-04-21 10:40:00,2019-04-21 10:45:00,"Vandalism",49011,"Utah","Davis",2019-04-23 22:30:00,3.5,2019-04-24 02:00:00,245,252,250.214285714286,"Potential or Actual Physical Interference"
"Utah",2019-04-21 10:40:00,2019-04-21 10:45:00,"Vandalism",49021,"Utah","Iron",2019-04-21 22:15:00,0.75,2019-04-21 23:00:00,895,895,895,"Potential or Actual Physical Interference"
"Utah",2019-04-21 10:40:00,2019-04-21 10:45:00,"Vandalism",49025,"Utah","Kane",2019-04-21 22:15:00,0.75,2019-04-21 23:00:00,335,335,335,"Potential or Actual Physical Interference"
"Utah",2019-04-21 10:40:00,2019-04-21 10:45:00,"Vandalism",49035,"Utah","Salt Lake",2019-04-21 12:00:00,3.25,2019-04-21 15:15:00,1530,4176,2566.92307692308,"Potential or Actual Physical Interference"
"Utah",2019-04-21 10:40:00,2019-04-21 10:45:00,"Vandalism",49035,"Utah","Salt Lake",2019-04-22 16:45:00,0.75,2019-04-22 17:30:00,661,696,684,"Potential or Actual Physical Interference"
"Utah",2019-04-21 10:40:00,2019-04-21 10:45:00,"Vandalism",49035,"Utah","Salt Lake",2019-04-23 16:00:00,0.75,2019-04-23 16:45:00,216,230,223.333333333333,"Potential or Actual Physical Interference"
"Utah",2019-04-21 10:40:00,2019-04-21 10:45:00,"Vandalism",49035,"Utah","Salt Lake",2019-04-23 17:45:00,0.5,2019-04-23 18:15:00,202,204,203,"Potential or Actual Physical Interference"
"Utah",2019-04-21 10:40:00,2019-04-21 10:45:00,"Vandalism",49035,"Utah","Salt Lake",2019-04-23 18:30:00,0.25,2019-04-23 18:45:00,200,200,200,"Potential or Actual Physical Interference"
"Utah",2019-04-21 10:40:00,2019-04-21 10:45:00,"Vandalism",49035,"Utah","Salt Lake",2019-04-23 22:30:00,3.5,2019-04-24 02:00:00,272,388,328.428571428571,"Potential or Actual Physical Interference"
"Utah",2019-04-21 10:40:00,2019-04-21 10:45:00,"Vandalism",49045,"Utah","Tooele",2019-04-23 22:30:00,3.5,2019-04-24 02:00:00,243,250,248.642857142857,"Potential or Actual Physical Interference"
"Utah",2019-04-21 10:40:00,2019-04-21 10:45:00,"Vandalism",49053,"Utah","Washington",2019-04-21 22:15:00,0.75,2019-04-21 23:00:00,335,335,335,"Potential or Actual Physical Interference"
"Utah",2019-04-21 10:40:00,2019-04-21 10:45:00,"Vandalism",49057,"Utah","Weber",2019-04-21 17:15:00,1.25,2019-04-21 18:30:00,253,254,253.4,"Potential or Actual Physical Interference"
"Utah",2019-07-10 12:00:00,2019-07-10 12:15:00,"Vandalism",49003,"Utah","Box Elder",2019-07-12 15:15:00,0.25,2019-07-12 15:30:00,1303,1303,1303,"Potential or Actual Physical Interference"
"Utah",2019-07-10 12:00:00,2019-07-10 12:15:00,"Vandalism",49033,"Utah","Rich",2019-07-10 23:15:00,6.5,2019-07-11 05:45:00,253,460,344.846153846154,"Potential or Actual Physical Interference"
"Utah",2019-07-10 12:00:00,2019-07-10 12:15:00,"Vandalism",49033,"Utah","Rich",2019-07-11 16:45:00,2.75,2019-07-11 19:30:00,402,402,402,"Potential or Actual Physical Interference"
"Utah",2019-07-10 12:00:00,2019-07-10 12:15:00,"Vandalism",49035,"Utah","Salt Lake",2019-07-11 00:30:00,1.75,2019-07-11 02:15:00,224,465,293.714285714286,"Potential or Actual Physical Interference"
"Utah",2019-07-10 12:00:00,2019-07-10 12:15:00,"Vandalism",49035,"Utah","Salt Lake",2019-07-11 05:30:00,0.75,2019-07-11 06:15:00,276,277,276.333333333333,"Potential or Actual Physical Interference"
"Utah",2019-07-10 12:00:00,2019-07-10 12:15:00,"Vandalism",49035,"Utah","Salt Lake",2019-07-11 16:00:00,1.25,2019-07-11 17:15:00,205,213,208,"Potential or Actual Physical Interference"
"Utah",2019-07-10 12:00:00,2019-07-10 12:15:00,"Vandalism",49035,"Utah","Salt Lake",2019-07-11 17:45:00,1.75,2019-07-11 19:30:00,1440,1464,1453.42857142857,"Potential or Actual Physical Interference"
"Utah",2019-07-10 12:00:00,2019-07-10 12:15:00,"Vandalism",49035,"Utah","Salt Lake",2019-07-11 23:45:00,3.75,2019-07-12 03:30:00,243,469,367.133333333333,"Potential or Actual Physical Interference"
"Utah",2019-07-10 12:00:00,2019-07-10 12:15:00,"Vandalism",49035,"Utah","Salt Lake",2019-07-12 21:00:00,6.25,2019-07-13 03:15:00,200,707,439.84,"Potential or Actual Physical Interference"
"Utah",2019-07-10 12:00:00,2019-07-10 12:15:00,"Vandalism",49049,"Utah","Utah",2019-07-10 23:15:00,15.5,2019-07-11 14:45:00,875,2233,1769,"Potential or Actual Physical Interference"
"Utah",2019-07-10 12:00:00,2019-07-10 12:15:00,"Vandalism",49049,"Utah","Utah",2019-07-11 15:30:00,0.75,2019-07-11 16:15:00,216,217,216.666666666667,"Potential or Actual Physical Interference"
"Utah",2019-07-10 12:00:00,2019-07-10 12:15:00,"Vandalism",49049,"Utah","Utah",2019-07-11 23:30:00,1.5,2019-07-12 01:00:00,200,258,231.166666666667,"Potential or Actual Physical Interference"
"Utah",2019-07-10 12:00:00,2019-07-10 12:15:00,"Vandalism",49049,"Utah","Utah",2019-07-12 01:30:00,2.5,2019-07-12 04:00:00,208,294,241.4,"Potential or Actual Physical Interference"
"Utah",2020-03-18 07:09:00,2020-03-18 07:09:00,"Natural Disaster",49011,"Utah","Davis",2020-03-18 13:30:00,4.5,2020-03-18 18:00:00,244,8828,3765.11111111111,"Natural Disaster"
"Utah",2020-03-18 07:09:00,2020-03-18 07:09:00,"Natural Disaster",49011,"Utah","Davis",2020-03-18 20:45:00,0.25,2020-03-18 21:00:00,2920,2920,2920,"Natural Disaster"
"Utah",2020-03-18 07:09:00,2020-03-18 07:09:00,"Natural Disaster",49011,"Utah","Davis",2020-03-19 10:30:00,1,2020-03-19 11:30:00,1005,1005,1005,"Natural Disaster"
"Utah",2020-03-18 07:09:00,2020-03-18 07:09:00,"Natural Disaster",49035,"Utah","Salt Lake",2020-03-18 13:15:00,15.25,2020-03-19 04:30:00,1383,58592,13272.3770491803,"Natural Disaster"
"Utah",2020-03-18 07:09:00,2020-03-18 07:09:00,"Natural Disaster",49035,"Utah","Salt Lake",2020-03-19 10:30:00,1,2020-03-19 11:30:00,1009,1099,1031.5,"Natural Disaster"
"Utah",2020-03-18 07:09:00,2020-03-18 07:09:00,"Natural Disaster",49035,"Utah","Salt Lake",2020-03-19 15:30:00,2.25,2020-03-19 17:45:00,205,302,233.333333333333,"Natural Disaster"
"Utah",2020-03-18 07:09:00,2020-03-18 07:09:00,"Natural Disaster",49035,"Utah","Salt Lake",2020-03-19 20:45:00,5,2020-03-20 01:45:00,1336,5572,2573.25,"Natural Disaster"
"Utah",2020-03-18 07:09:00,2020-03-18 07:09:00,"Natural Disaster",49045,"Utah","Tooele",2020-03-18 13:30:00,5,2020-03-18 18:30:00,396,4496,2164.25,"Natural Disaster"
"Utah",2020-03-18 07:09:00,2020-03-18 07:09:00,"Natural Disaster",49049,"Utah","Utah",2020-03-18 13:30:00,5,2020-03-18 18:30:00,322,2897,1296.7,"Natural Disaster"
"Utah",2020-03-18 07:09:00,2020-03-18 07:09:00,"Natural Disaster",49049,"Utah","Utah",2020-03-19 20:45:00,4.25,2020-03-20 01:00:00,1324,1333,1329.41176470588,"Natural Disaster"
"Utah",2020-03-18 07:09:00,2020-03-18 07:09:00,"Natural Disaster",49049,"Utah","Utah",2020-03-20 15:30:00,0.75,2020-03-20 16:15:00,247,258,253,"Natural Disaster"
"Utah",2020-04-11 17:40:00,2020-04-11 17:51:00,"Suspicious Activity",49003,"Utah","Box Elder",2020-04-14 16:30:00,0.25,2020-04-14 16:45:00,1492,1492,1492,"Suspiciour Activity"
"Utah",2020-04-11 17:40:00,2020-04-11 17:51:00,"Suspicious Activity",49013,"Utah","Duchesne",2020-04-12 10:45:00,4.25,2020-04-12 15:00:00,403,404,403.882352941176,"Suspiciour Activity"
"Utah",2020-04-11 17:40:00,2020-04-11 17:51:00,"Suspicious Activity",49035,"Utah","Salt Lake",2020-04-12 04:30:00,9.5,2020-04-12 14:00:00,500,1564,744.657894736842,"Suspiciour Activity"
"Utah",2020-04-11 17:40:00,2020-04-11 17:51:00,"Suspicious Activity",49039,"Utah","Sanpete",2020-04-12 15:45:00,1,2020-04-12 16:45:00,251,251,251,"Suspiciour Activity"
"Utah",2020-04-11 17:40:00,2020-04-11 17:51:00,"Suspicious Activity",49041,"Utah","Sevier",2020-04-12 15:45:00,1,2020-04-12 16:45:00,251,251,251,"Suspiciour Activity"
"Utah",2020-04-11 17:40:00,2020-04-11 17:51:00,"Suspicious Activity",49043,"Utah","Summit",2020-04-12 10:45:00,4.25,2020-04-12 15:00:00,403,405,404.588235294118,"Suspiciour Activity"
"Utah",2020-04-11 17:40:00,2020-04-11 17:51:00,"Suspicious Activity",49049,"Utah","Utah",2020-04-13 14:45:00,6.75,2020-04-13 21:30:00,3408,3462,3419.33333333333,"Suspiciour Activity"
"Utah",2020-04-11 17:40:00,2020-04-11 17:51:00,"Suspicious Activity",49049,"Utah","Utah",2020-04-14 09:15:00,0.25,2020-04-14 09:30:00,1612,1612,1612,"Suspiciour Activity"
"Utah",2020-04-11 17:40:00,2020-04-11 17:51:00,"Suspicious Activity",49049,"Utah","Utah",2020-04-14 16:00:00,1.25,2020-04-14 17:15:00,2496,2838,2661.6,"Suspiciour Activity"
"Utah",2020-04-11 17:40:00,2020-04-11 17:51:00,"Suspicious Activity",49049,"Utah","Utah",2020-04-14 17:30:00,0.25,2020-04-14 17:45:00,980,980,980,"Suspiciour Activity"
"Utah",2020-04-11 17:40:00,2020-04-11 17:51:00,"Suspicious Activity",49051,"Utah","Wasatch",2020-04-12 10:45:00,4.25,2020-04-12 15:00:00,403,403,403,"Suspiciour Activity"
"Utah",2020-04-11 17:40:00,2020-04-11 17:51:00,"Suspicious Activity",49053,"Utah","Washington",2020-04-14 14:00:00,1,2020-04-14 15:00:00,1682,1692,1689.25,"Suspiciour Activity"
"Utah",2020-04-11 17:40:00,2020-04-11 17:51:00,"Suspicious Activity",49057,"Utah","Weber",2020-04-14 16:30:00,0.25,2020-04-14 16:45:00,1887,1887,1887,"Suspiciour Activity"
"Utah",2021-06-14 02:10:00,2021-06-14 02:11:00,"Suspicious Activity",49003,"Utah","Box Elder",2021-06-15 01:00:00,0.25,2021-06-15 01:15:00,211,211,211,"Suspiciour Activity"
"Utah",2021-06-14 02:10:00,2021-06-14 02:11:00,"Suspicious Activity",49011,"Utah","Davis",2021-06-15 08:15:00,2.25,2021-06-15 10:30:00,217,217,217,"Suspiciour Activity"
"Utah",2021-06-14 02:10:00,2021-06-14 02:11:00,"Suspicious Activity",49019,"Utah","Grand",2021-06-15 03:45:00,2.75,2021-06-15 06:30:00,311,312,311.727272727273,"Suspiciour Activity"
"Utah",2021-06-14 02:10:00,2021-06-14 02:11:00,"Suspicious Activity",49027,"Utah","Millard",2021-06-16 16:45:00,0.25,2021-06-16 17:00:00,535,535,535,"Suspiciour Activity"
"Utah",2021-06-14 02:10:00,2021-06-14 02:11:00,"Suspicious Activity",49029,"Utah","Morgan",2021-06-14 16:00:00,3,2021-06-14 19:00:00,488,488,488,"Suspiciour Activity"
"Utah",2021-06-14 02:10:00,2021-06-14 02:11:00,"Suspicious Activity",49035,"Utah","Salt Lake",2021-06-14 05:45:00,1.25,2021-06-14 07:00:00,856,869,863,"Suspiciour Activity"
"Utah",2021-06-14 02:10:00,2021-06-14 02:11:00,"Suspicious Activity",49035,"Utah","Salt Lake",2021-06-14 18:30:00,1,2021-06-14 19:30:00,202,300,271,"Suspiciour Activity"
"Utah",2021-06-14 02:10:00,2021-06-14 02:11:00,"Suspicious Activity",49035,"Utah","Salt Lake",2021-06-14 23:15:00,0.5,2021-06-14 23:45:00,208,208,208,"Suspiciour Activity"
"Utah",2021-06-14 02:10:00,2021-06-14 02:11:00,"Suspicious Activity",49035,"Utah","Salt Lake",2021-06-15 00:15:00,3.5,2021-06-15 03:45:00,205,2453,1055.57142857143,"Suspiciour Activity"
"Utah",2021-06-14 02:10:00,2021-06-14 02:11:00,"Suspicious Activity",49035,"Utah","Salt Lake",2021-06-15 04:00:00,1.75,2021-06-15 05:45:00,203,523,307.285714285714,"Suspiciour Activity"
"Utah",2021-06-14 02:10:00,2021-06-14 02:11:00,"Suspicious Activity",49035,"Utah","Salt Lake",2021-06-15 20:45:00,0.75,2021-06-15 21:30:00,1788,1794,1790.66666666667,"Suspiciour Activity"
"Utah",2021-06-14 02:10:00,2021-06-14 02:11:00,"Suspicious Activity",49035,"Utah","Salt Lake",2021-06-16,5,2021-06-16 05:00:00,297,1867,862.55,"Suspiciour Activity"
"Utah",2021-06-14 02:10:00,2021-06-14 02:11:00,"Suspicious Activity",49035,"Utah","Salt Lake",2021-06-16 05:15:00,0.5,2021-06-16 05:45:00,245,247,246,"Suspiciour Activity"
"Utah",2021-06-14 02:10:00,2021-06-14 02:11:00,"Suspicious Activity",49035,"Utah","Salt Lake",2021-06-16 11:15:00,2.75,2021-06-16 14:00:00,222,344,247.454545454545,"Suspiciour Activity"
"Utah",2021-06-14 02:10:00,2021-06-14 02:11:00,"Suspicious Activity",49035,"Utah","Salt Lake",2021-06-16 14:15:00,6.25,2021-06-16 20:30:00,268,592,424.72,"Suspiciour Activity"
"Utah",2021-06-14 02:10:00,2021-06-14 02:11:00,"Suspicious Activity",49035,"Utah","Salt Lake",2021-06-16 22:30:00,0.5,2021-06-16 23:00:00,230,266,248,"Suspiciour Activity"
"Utah",2021-06-14 02:10:00,2021-06-14 02:11:00,"Suspicious Activity",49035,"Utah","Salt Lake",2021-06-16 23:45:00,2.25,2021-06-17 02:00:00,737,4227,2764.33333333333,"Suspiciour Activity"
"Utah",2021-06-14 02:10:00,2021-06-14 02:11:00,"Suspicious Activity",49049,"Utah","Utah",2021-06-15 01:45:00,0.75,2021-06-15 02:30:00,255,267,263,"Suspiciour Activity"
"Utah",2021-06-14 02:10:00,2021-06-14 02:11:00,"Suspicious Activity",49049,"Utah","Utah",2021-06-15 03:30:00,0.25,2021-06-15 03:45:00,235,235,235,"Suspiciour Activity"
"Utah",2021-06-14 02:10:00,2021-06-14 02:11:00,"Suspicious Activity",49057,"Utah","Weber",2021-06-16 15:15:00,2.75,2021-06-16 18:00:00,208,209,208.363636363636,"Suspiciour Activity"
"Utah",2021-05-24 13:14:00,2021-05-24 13:15:00,"Vandalism",49003,"Utah","Box Elder",2021-05-25 15:00:00,3.5,2021-05-25 18:30:00,311,311,311,"Potential or Actual Physical Interference"
"Utah",2021-05-24 13:14:00,2021-05-24 13:15:00,"Vandalism",49021,"Utah","Iron",2021-05-27 04:15:00,6.5,2021-05-27 10:45:00,819,819,819,"Potential or Actual Physical Interference"
"Utah",2021-05-24 13:14:00,2021-05-24 13:15:00,"Vandalism",49033,"Utah","Rich",2021-05-26 16:45:00,1.25,2021-05-26 18:00:00,616,618,617.6,"Potential or Actual Physical Interference"
"Utah",2021-05-24 13:14:00,2021-05-24 13:15:00,"Vandalism",49035,"Utah","Salt Lake",2021-05-24 20:15:00,3.25,2021-05-24 23:30:00,206,280,257.769230769231,"Potential or Actual Physical Interference"
"Utah",2021-05-24 13:14:00,2021-05-24 13:15:00,"Vandalism",49035,"Utah","Salt Lake",2021-05-25 15:45:00,2,2021-05-25 17:45:00,255,260,257.625,"Potential or Actual Physical Interference"
"Utah",2021-05-24 13:14:00,2021-05-24 13:15:00,"Vandalism",49035,"Utah","Salt Lake",2021-05-26 15:00:00,2.5,2021-05-26 17:30:00,255,297,275.2,"Potential or Actual Physical Interference"
"Utah",2021-05-24 13:14:00,2021-05-24 13:15:00,"Vandalism",49051,"Utah","Wasatch",2021-05-24 18:30:00,3.75,2021-05-24 22:15:00,343,344,343.2,"Potential or Actual Physical Interference"
"Utah",2021-10-04 07:00:00,2021-10-04 08:00:00,"Vandalism",49019,"Utah","Grand",2021-10-04 22:00:00,1,2021-10-04 23:00:00,696,697,696.75,"Potential or Actual Physical Interference"
"Utah",2021-10-04 07:00:00,2021-10-04 08:00:00,"Vandalism",49049,"Utah","Utah",2021-10-04 16:45:00,0.25,2021-10-04 17:00:00,1362,1362,1362,"Potential or Actual Physical Interference"
"Utah",2021-10-04 07:00:00,2021-10-04 08:00:00,"Vandalism",49049,"Utah","Utah",2021-10-04 17:30:00,6.25,2021-10-04 23:45:00,533,697,570.24,"Potential or Actual Physical Interference"
"Utah",2021-10-04 07:00:00,2021-10-04 08:00:00,"Vandalism",49049,"Utah","Utah",2021-10-05 21:15:00,1,2021-10-05 22:15:00,2015,2015,2015,"Potential or Actual Physical Interference"
"Utah",2021-10-04 07:00:00,2021-10-04 08:00:00,"Vandalism",49057,"Utah","Weber",2021-10-05 15:15:00,1,2021-10-05 16:15:00,206,206,206,"Potential or Actual Physical Interference"
"Utah",2021-10-04 07:00:00,2021-10-04 08:00:00,"Vandalism",49057,"Utah","Weber",2021-10-05 17:15:00,1.25,2021-10-05 18:30:00,218,226,222.8,"Potential or Actual Physical Interference"
"Utah",2021-10-04 07:00:00,2021-10-04 08:00:00,"Vandalism",49057,"Utah","Weber",2021-10-07 03:45:00,0.75,2021-10-07 04:30:00,2885,2912,2903,"Potential or Actual Physical Interference"
"Utah",2022-09-16 18:00:00,2022-09-16 18:01:00,"Suspicious Activity",49011,"Utah","Davis",2022-09-18 05:15:00,1.75,2022-09-18 07:00:00,3607,3612,3607.85714285714,"Suspiciour Activity"
"Utah",2022-09-16 18:00:00,2022-09-16 18:01:00,"Suspicious Activity",49035,"Utah","Salt Lake",2022-09-18 07:00:00,1.5,2022-09-18 08:30:00,2658,2950,2901.33333333333,"Suspiciour Activity"
"Utah",2022-09-16 18:00:00,2022-09-16 18:01:00,"Suspicious Activity",49035,"Utah","Salt Lake",2022-09-18 23:30:00,1.25,2022-09-19 00:45:00,307,370,340.6,"Suspiciour Activity"
"Utah",2022-09-16 18:00:00,2022-09-16 18:01:00,"Suspicious Activity",49035,"Utah","Salt Lake",2022-09-19 09:30:00,2.75,2022-09-19 12:15:00,200,234,215,"Suspiciour Activity"
"Utah",2022-09-16 18:00:00,2022-09-16 18:01:00,"Suspicious Activity",49049,"Utah","Utah",2022-09-18 20:15:00,5,2022-09-19 01:15:00,255,3071,1526.1,"Suspiciour Activity"
"Utah",2022-09-16 18:00:00,2022-09-16 18:01:00,"Suspicious Activity",49051,"Utah","Wasatch",2022-09-16 19:00:00,2,2022-09-16 21:00:00,264,264,264,"Suspiciour Activity"
"Utah",2022-09-16 18:00:00,2022-09-16 18:01:00,"Suspicious Activity",49057,"Utah","Weber",2022-09-17 14:15:00,3,2022-09-17 17:15:00,934,940,935.916666666667,"Suspiciour Activity"
"Utah",2022-07-06 12:40:00,2022-07-06 12:41:00,"Vandalism",49007,"Utah","Carbon",2022-07-07 19:45:00,3.25,2022-07-07 23:00:00,216,291,229.846153846154,"Potential or Actual Physical Interference"
"Utah",2022-07-06 12:40:00,2022-07-06 12:41:00,"Vandalism",49033,"Utah","Rich",2022-07-09 03:15:00,1,2022-07-09 04:15:00,625,625,625,"Potential or Actual Physical Interference"
"Utah",2022-07-06 12:40:00,2022-07-06 12:41:00,"Vandalism",49035,"Utah","Salt Lake",2022-07-06 16:00:00,2.25,2022-07-06 18:15:00,300,316,307.333333333333,"Potential or Actual Physical Interference"
"Utah",2022-07-06 12:40:00,2022-07-06 12:41:00,"Vandalism",49035,"Utah","Salt Lake",2022-07-07 06:15:00,7.25,2022-07-07 13:30:00,2024,2080,2050.51724137931,"Potential or Actual Physical Interference"
"Utah",2022-07-06 12:40:00,2022-07-06 12:41:00,"Vandalism",49035,"Utah","Salt Lake",2022-07-07 21:00:00,2.5,2022-07-07 23:30:00,278,788,451.5,"Potential or Actual Physical Interference"
"Utah",2022-07-06 12:40:00,2022-07-06 12:41:00,"Vandalism",49035,"Utah","Salt Lake",2022-07-07 23:45:00,5.5,2022-07-08 05:15:00,774,3296,2105.18181818182,"Potential or Actual Physical Interference"
"Utah",2022-07-06 12:40:00,2022-07-06 12:41:00,"Vandalism",49035,"Utah","Salt Lake",2022-07-08 09:45:00,0.75,2022-07-08 10:30:00,236,248,243.333333333333,"Potential or Actual Physical Interference"
"Utah",2022-07-06 12:40:00,2022-07-06 12:41:00,"Vandalism",49035,"Utah","Salt Lake",2022-07-08 10:45:00,2,2022-07-08 12:45:00,352,355,353.125,"Potential or Actual Physical Interference"
"Utah",2022-07-06 12:40:00,2022-07-06 12:41:00,"Vandalism",49045,"Utah","Tooele",2022-07-09 05:00:00,2.75,2022-07-09 07:45:00,1181,1184,1183.45454545455,"Potential or Actual Physical Interference"
"Utah",2022-07-06 12:40:00,2022-07-06 12:41:00,"Vandalism",49057,"Utah","Weber",2022-07-08 23:45:00,9.5,2022-07-09 09:15:00,358,558,514.210526315789,"Potential or Actual Physical Interference"
"Utah",2022-06-01 10:47:00,2022-06-01 10:48:00,"Vandalism",49035,"Utah","Salt Lake",2022-06-02 00:30:00,3.25,2022-06-02 03:45:00,662,801,787.615384615385,"Potential or Actual Physical Interference"
"Utah",2022-06-01 10:47:00,2022-06-01 10:48:00,"Vandalism",49035,"Utah","Salt Lake",2022-06-02 21:30:00,3,2022-06-03 00:30:00,372,377,375,"Potential or Actual Physical Interference"
"Utah",2022-06-01 10:47:00,2022-06-01 10:48:00,"Vandalism",49035,"Utah","Salt Lake",2022-06-03 15:15:00,6.5,2022-06-03 21:45:00,297,1693,483.346153846154,"Potential or Actual Physical Interference"
"Utah",2022-06-01 10:47:00,2022-06-01 10:48:00,"Vandalism",49051,"Utah","Wasatch",2022-06-02 20:00:00,0.5,2022-06-02 20:30:00,687,687,687,"Potential or Actual Physical Interference"
"Utah",2022-12-15 05:30:00,2022-12-15 05:31:00,"Vandalism",49011,"Utah","Davis",2022-12-16 16:45:00,3,2022-12-16 19:45:00,212,214,213,"Potential or Actual Physical Interference"
"Utah",2022-12-15 05:30:00,2022-12-15 05:31:00,"Vandalism",49035,"Utah","Salt Lake",2022-12-15 14:15:00,0.5,2022-12-15 14:45:00,3536,3539,3537.5,"Potential or Actual Physical Interference"
"Utah",2022-12-15 05:30:00,2022-12-15 05:31:00,"Vandalism",49035,"Utah","Salt Lake",2022-12-15 17:30:00,2.5,2022-12-15 20:00:00,1632,3497,2080.2,"Potential or Actual Physical Interference"
"Utah",2022-12-15 05:30:00,2022-12-15 05:31:00,"Vandalism",49035,"Utah","Salt Lake",2022-12-15 23:00:00,1,2022-12-16,203,211,206.75,"Potential or Actual Physical Interference"
"Utah",2022-12-15 05:30:00,2022-12-15 05:31:00,"Vandalism",49035,"Utah","Salt Lake",2022-12-16 07:15:00,0.5,2022-12-16 07:45:00,1175,1175,1175,"Potential or Actual Physical Interference"
"Utah",2022-12-15 05:30:00,2022-12-15 05:31:00,"Vandalism",49035,"Utah","Salt Lake",2022-12-16 15:00:00,0.5,2022-12-16 15:30:00,1177,1179,1178,"Potential or Actual Physical Interference"
"Utah",2022-12-15 05:30:00,2022-12-15 05:31:00,"Vandalism",49035,"Utah","Salt Lake",2022-12-17 16:45:00,2.25,2022-12-17 19:00:00,586,4987,4494.11111111111,"Potential or Actual Physical Interference"
"Utah",2022-12-15 05:30:00,2022-12-15 05:31:00,"Vandalism",49043,"Utah","Summit",2022-12-17 02:45:00,3.25,2022-12-17 06:00:00,255,704,378.923076923077,"Potential or Actual Physical Interference"
"Utah",2022-12-15 05:30:00,2022-12-15 05:31:00,"Vandalism",49049,"Utah","Utah",2022-12-17 14:30:00,9.25,2022-12-17 23:45:00,251,2419,1081.59459459459,"Potential or Actual Physical Interference"
"Utah",2022-12-15 05:30:00,2022-12-15 05:31:00,"Vandalism",49051,"Utah","Wasatch",2022-12-16 20:15:00,8.5,2022-12-17 04:45:00,270,781,420.294117647059,"Potential or Actual Physical Interference"
"Utah",2023-04-03 18:50:00,2023-04-03 19:26:00,"Transmission Interruption",49011,"Utah","Davis",2023-04-04 04:00:00,2.5,2023-04-04 06:30:00,222,224,223.3,"Equipment Issue"
"Utah",2023-04-03 18:50:00,2023-04-03 19:26:00,"Transmission Interruption",49035,"Utah","Salt Lake",2023-04-05 08:00:00,2,2023-04-05 10:00:00,295,353,345.75,"Equipment Issue"
"Utah",2023-04-03 18:50:00,2023-04-03 19:26:00,"Transmission Interruption",49035,"Utah","Salt Lake",2023-04-05 10:45:00,3,2023-04-05 13:45:00,215,223,216.416666666667,"Equipment Issue"
"Utah",2023-04-03 18:50:00,2023-04-03 19:26:00,"Transmission Interruption",49035,"Utah","Salt Lake",2023-04-05 21:45:00,1.5,2023-04-05 23:15:00,252,275,263.333333333333,"Equipment Issue"
"Utah",2023-04-03 18:50:00,2023-04-03 19:26:00,"Transmission Interruption",49049,"Utah","Utah",2023-04-04 03:15:00,7.75,2023-04-04 11:00:00,299,1812,451,"Equipment Issue"
"Utah",2023-04-03 18:50:00,2023-04-03 19:26:00,"Transmission Interruption",49057,"Utah","Weber",2023-04-03 22:30:00,0.5,2023-04-03 23:00:00,212,213,212.5,"Equipment Issue"
"Utah",2023-11-11 00:45:00,2023-11-11 01:11:00,"- Vandalism",49035,"Utah","Salt Lake",2023-11-13 22:15:00,0.75,2023-11-13 23:00:00,207,257,224.333333333333,"Potential or Actual Physical Interference"
"Utah",2023-11-11 00:45:00,2023-11-11 01:11:00,"- Vandalism",49045,"Utah","Tooele",2023-11-12 17:15:00,1,2023-11-12 18:15:00,210,244,227,"Potential or Actual Physical Interference"
"Utah",2023-11-11 00:45:00,2023-11-11 01:11:00,"- Vandalism",49057,"Utah","Weber",2023-11-13 18:30:00,1,2023-11-13 19:30:00,261,282,271.5,"Potential or Actual Physical Interference"
"Utah",2023-11-02 11:10:00,2023-11-02 11:20:00,"- Theft",49003,"Utah","Box Elder",2023-11-04 13:45:00,3.25,2023-11-04 17:00:00,1371,1372,1371.15384615385,"Theft"
"Utah",2023-11-02 11:10:00,2023-11-02 11:20:00,"- Theft",49003,"Utah","Box Elder",2023-11-04 20:15:00,0.5,2023-11-04 20:45:00,221,225,223,"Theft"
"Utah",2023-11-02 11:10:00,2023-11-02 11:20:00,"- Theft",49007,"Utah","Carbon",2023-11-02 18:15:00,5.25,2023-11-02 23:30:00,365,896,870.714285714286,"Theft"
"Utah",2023-11-02 11:10:00,2023-11-02 11:20:00,"- Theft",49035,"Utah","Salt Lake",2023-11-02 16:00:00,0.5,2023-11-02 16:30:00,230,231,230.5,"Theft"
"Utah",2023-11-02 11:10:00,2023-11-02 11:20:00,"- Theft",49049,"Utah","Utah",2023-11-04 01:00:00,3,2023-11-04 04:00:00,271,693,386.25,"Theft"
